Date Reported,Date of Occurrence,Time of Occurrence,City,Crime Code,Crime Description,Victim Age,Victim Gender,Weapon Used,Crime Domain,Police Deployed,Case Closed
2020-02-01 00:00:00,2020-01-01 00:00:00,01/01/2020 01:11,Ahmedabad,576,IDENTITY THEFT,16,M,Blunt Object,Violent Crime,13,No
2020-01-01 19:00:00,2020-01-01 01:00:00,01/01/2020 06:26,Chennai,128,HOMICIDE,37,M,Poison,Other Crime,9,No
2020-02-01 05:00:00,2020-01-01 02:00:00,01/01/2020 14:30,Ludhiana,271,KIDNAPPING,48,F,Blunt Object,Other Crime,15,No
2020-01-01 05:00:00,2020-01-01 03:00:00,01/01/2020 14:46,Pune,170,BURGLARY,49,F,Firearm,Other Crime,1,Yes
2020-01-01 21:00:00,2020-01-01 04:00:00,01/01/2020 16:51,Pune,421,VANDALISM,30,F,Other,Other Crime,18,Yes
2020-02-01 03:00:00,2020-01-01 05:00:00,01/01/2020 17:09,Delhi,442,ASSAULT,16,M,Firearm,Violent Crime,18,Yes
2020-01-01 16:00:00,2020-01-01 06:00:00,01/01/2020 14:08,Chennai,172,VEHICLE - STOLEN,64,F,Knife,Violent Crime,13,Yes
2020-02-01 10:00:00,2020-01-01 07:00:00,02/01/2020 06:33,Chennai,169,COUNTERFEITING,78,X,Knife,Other Crime,8,No
2020-04-01 03:00:00,2020-01-01 08:00:00,02/01/2020 06:34,Mumbai,338,EXTORTION,41,X,Blunt Object,Other Crime,1,No
2020-03-01 07:00:00,2020-01-01 09:00:00,01/01/2020 17:50,Chennai,497,PUBLIC INTOXICATION,29,M,Knife,Other Crime,4,No
2020-02-01 13:00:00,2020-01-01 10:00:00,01/01/2020 19:42,Delhi,260,FRAUD,71,M,Explosives,Other Crime,5,Yes
2020-03-01 09:00:00,2020-01-01 11:00:00,01/01/2020 22:16,Surat,563,IDENTITY THEFT,26,M,Poison,Violent Crime,3,No
2020-01-01 16:00:00,2020-01-01 12:00:00,01/01/2020 23:14,Visakhapatnam,498,FRAUD,36,F,Poison,Other Crime,3,Yes
2020-02-01 22:00:00,2020-01-01 13:00:00,01/01/2020 17:46,Mumbai,436,ASSAULT,32,X,Other,Violent Crime,18,No
2020-02-01 00:00:00,2020-01-01 14:00:00,01/01/2020 22:28,Bangalore,266,SEXUAL ASSAULT,77,F,Other,Violent Crime,19,No
2020-02-01 07:00:00,2020-01-01 15:00:00,01/01/2020 18:54,Kolkata,357,COUNTERFEITING,51,F,Explosives,Other Crime,16,Yes
2020-03-01 07:00:00,2020-01-01 16:00:00,02/01/2020 02:57,Ghaziabad,509,DRUG OFFENSE,61,M,Poison,Other Crime,6,No
2020-04-01 02:00:00,2020-01-01 17:00:00,01/01/2020 23:09,Pune,342,ARSON,64,F,Other,Fire Accident,2,No
2020-02-01 20:00:00,2020-01-01 18:00:00,02/01/2020 10:42,Bangalore,480,CYBERCRIME,11,M,Other,Other Crime,3,Yes
2020-03-01 18:00:00,2020-01-01 19:00:00,02/01/2020 18:02,Bangalore,369,EXTORTION,62,F,Blunt Object,Other Crime,2,Yes
2020-03-01 22:00:00,2020-01-01 20:00:00,02/01/2020 02:33,Hyderabad,251,TRAFFIC VIOLATION,50,F,Poison,Traffic Fatality,14,Yes
2020-03-01 12:00:00,2020-01-01 21:00:00,02/01/2020 10:11,Mumbai,374,VANDALISM,64,F,Other,Other Crime,15,Yes
2020-02-01 10:00:00,2020-01-01 22:00:00,01/01/2020 22:03,Jaipur,507,SHOPLIFTING,69,F,Blunt Object,Other Crime,13,No
2020-03-01 09:00:00,2020-01-01 23:00:00,01/01/2020 23:40,Chennai,322,VANDALISM,77,F,Other,Other Crime,18,No
2020-03-01 01:00:00,2020-01-02 00:00:00,02/01/2020 20:47,Bangalore,527,DRUG OFFENSE,18,F,Other,Other Crime,1,No
2020-02-01 16:00:00,2020-01-02 01:00:00,02/01/2020 08:21,Jaipur,282,ASSAULT,60,M,Firearm,Violent Crime,15,Yes
2020-02-01 06:00:00,2020-01-02 02:00:00,02/01/2020 04:02,Pune,247,IDENTITY THEFT,49,M,Blunt Object,Violent Crime,13,No
2020-02-01 15:00:00,2020-01-02 03:00:00,02/01/2020 20:11,Lucknow,489,PUBLIC INTOXICATION,41,F,Other,Other Crime,7,No
2020-04-01 14:00:00,2020-01-02 04:00:00,02/01/2020 19:56,Bangalore,387,VANDALISM,33,F,Explosives,Other Crime,19,No
2020-04-01 23:00:00,2020-01-02 05:00:00,02/01/2020 09:35,Bhopal,517,BURGLARY,37,F,Other,Other Crime,4,No
2020-03-01 07:00:00,2020-01-02 06:00:00,02/01/2020 13:06,Bhopal,570,HOMICIDE,32,F,Explosives,Other Crime,13,No
2020-04-01 13:00:00,2020-01-02 07:00:00,02/01/2020 15:05,Hyderabad,222,VANDALISM,60,M,Knife,Other Crime,3,Yes
2020-03-01 04:00:00,2020-01-02 08:00:00,03/01/2020 03:01,Delhi,319,ILLEGAL POSSESSION,73,F,Knife,Other Crime,19,No
2020-05-01 07:00:00,2020-01-02 09:00:00,03/01/2020 02:40,Patna,575,VEHICLE - STOLEN,24,F,Explosives,Violent Crime,6,No
2020-04-01 21:00:00,2020-01-02 10:00:00,02/01/2020 22:18,Kanpur,341,VANDALISM,34,F,Other,Other Crime,14,No
2020-04-01 21:00:00,2020-01-02 11:00:00,02/01/2020 17:48,Chennai,396,COUNTERFEITING,32,F,Blunt Object,Other Crime,11,No
2020-03-01 05:00:00,2020-01-02 12:00:00,03/01/2020 00:18,Lucknow,187,SEXUAL ASSAULT,33,F,Blunt Object,Violent Crime,9,Yes
2020-04-01 05:00:00,2020-01-02 13:00:00,02/01/2020 18:04,Varanasi,280,SHOPLIFTING,22,F,Explosives,Other Crime,14,No
2020-03-01 23:00:00,2020-01-02 14:00:00,02/01/2020 21:24,Surat,487,VEHICLE - STOLEN,32,F,Other,Violent Crime,13,Yes
2020-03-01 02:00:00,2020-01-02 15:00:00,03/01/2020 14:05,Mumbai,154,FRAUD,69,F,Explosives,Other Crime,10,Yes
2020-05-01 01:00:00,2020-01-02 16:00:00,03/01/2020 01:51,Visakhapatnam,148,HOMICIDE,28,F,Firearm,Other Crime,2,No
2020-03-01 11:00:00,2020-01-02 17:00:00,03/01/2020 11:09,Surat,583,ILLEGAL POSSESSION,42,M,Blunt Object,Other Crime,6,No
2020-03-01 03:00:00,2020-01-02 18:00:00,03/01/2020 09:30,Delhi,172,FIREARM OFFENSE,40,M,Poison,Fire Accident,10,Yes
2020-04-01 07:00:00,2020-01-02 19:00:00,03/01/2020 08:34,Mumbai,300,SEXUAL ASSAULT,44,M,Other,Violent Crime,7,No
2020-05-01 19:00:00,2020-01-02 20:00:00,03/01/2020 06:22,Kolkata,387,ARSON,44,F,Blunt Object,Fire Accident,10,Yes
2020-04-01 19:00:00,2020-01-02 21:00:00,03/01/2020 09:02,Patna,297,DRUG OFFENSE,67,M,Knife,Other Crime,8,No
2020-05-01 04:00:00,2020-01-02 22:00:00,03/01/2020 09:55,Delhi,555,ROBBERY,47,F,Other,Violent Crime,9,No
2020-05-01 17:00:00,2020-01-02 23:00:00,03/01/2020 03:42,Lucknow,128,FIREARM OFFENSE,38,F,Blunt Object,Fire Accident,14,Yes
2020-05-01 19:00:00,2020-01-03 00:00:00,03/01/2020 02:59,Jaipur,139,ILLEGAL POSSESSION,77,F,Firearm,Other Crime,17,No
2020-03-01 13:00:00,2020-01-03 01:00:00,03/01/2020 06:06,Hyderabad,561,DRUG OFFENSE,37,F,Blunt Object,Other Crime,7,No
2020-03-01 05:00:00,2020-01-03 02:00:00,03/01/2020 17:10,Nagpur,573,BURGLARY,54,F,Other,Other Crime,12,Yes
2020-05-01 12:00:00,2020-01-03 03:00:00,03/01/2020 19:13,Kolkata,260,BURGLARY,38,F,Blunt Object,Other Crime,5,Yes
2020-05-01 00:00:00,2020-01-03 04:00:00,03/01/2020 22:01,Ghaziabad,211,PUBLIC INTOXICATION,29,M,Poison,Other Crime,15,Yes
2020-05-01 10:00:00,2020-01-03 05:00:00,03/01/2020 18:47,Delhi,312,BURGLARY,75,M,Explosives,Other Crime,2,No
2020-06-01 02:00:00,2020-01-03 06:00:00,03/01/2020 07:47,Pune,548,FIREARM OFFENSE,61,F,Poison,Fire Accident,5,No
2020-04-01 04:00:00,2020-01-03 07:00:00,03/01/2020 11:11,Meerut,596,BURGLARY,49,F,Other,Other Crime,19,No
2020-06-01 01:00:00,2020-01-03 08:00:00,03/01/2020 20:16,Kanpur,188,SEXUAL ASSAULT,67,F,Firearm,Violent Crime,8,Yes
2020-03-01 18:00:00,2020-01-03 09:00:00,03/01/2020 09:43,Ahmedabad,110,ASSAULT,70,F,Other,Violent Crime,15,No
2020-04-01 14:00:00,2020-01-03 10:00:00,04/01/2020 02:40,Chennai,449,TRAFFIC VIOLATION,75,F,Blunt Object,Traffic Fatality,16,No
2020-05-01 18:00:00,2020-01-03 11:00:00,04/01/2020 05:33,Thane,352,SHOPLIFTING,53,F,Other,Other Crime,6,Yes
2020-03-01 22:00:00,2020-01-03 12:00:00,03/01/2020 15:04,Mumbai,196,SHOPLIFTING,16,M,Poison,Other Crime,10,No
2020-05-01 21:00:00,2020-01-03 13:00:00,04/01/2020 03:32,Surat,359,DRUG OFFENSE,30,M,Explosives,Other Crime,9,Yes
2020-03-01 20:00:00,2020-01-03 14:00:00,04/01/2020 09:27,Chennai,495,FRAUD,56,M,Explosives,Other Crime,5,Yes
2020-06-01 06:00:00,2020-01-03 15:00:00,03/01/2020 23:24,Thane,259,ILLEGAL POSSESSION,19,F,Blunt Object,Other Crime,16,Yes
2020-05-01 18:00:00,2020-01-03 16:00:00,04/01/2020 00:59,Visakhapatnam,289,DRUG OFFENSE,58,F,Explosives,Other Crime,19,No
2020-06-01 14:00:00,2020-01-03 17:00:00,04/01/2020 11:49,Lucknow,409,EXTORTION,45,F,Other,Other Crime,3,Yes
2020-03-01 21:00:00,2020-01-03 18:00:00,04/01/2020 17:48,Bhopal,306,CYBERCRIME,25,M,Other,Other Crime,6,No
2020-04-01 20:00:00,2020-01-03 19:00:00,04/01/2020 08:46,Visakhapatnam,420,BURGLARY,22,M,Knife,Other Crime,17,Yes
2020-06-01 09:00:00,2020-01-03 20:00:00,04/01/2020 02:24,Hyderabad,469,PUBLIC INTOXICATION,59,F,Explosives,Other Crime,8,Yes
2020-06-01 12:00:00,2020-01-03 21:00:00,04/01/2020 17:23,Visakhapatnam,292,FIREARM OFFENSE,31,F,Firearm,Fire Accident,1,No
2020-06-01 20:00:00,2020-01-03 22:00:00,04/01/2020 00:50,Kolkata,512,FIREARM OFFENSE,58,F,Poison,Fire Accident,6,No
2020-05-01 18:00:00,2020-01-03 23:00:00,04/01/2020 11:34,Nagpur,244,ARSON,53,F,Knife,Fire Accident,1,Yes
2020-05-01 21:00:00,2020-01-04 00:00:00,04/01/2020 07:58,Lucknow,269,BURGLARY,35,F,Blunt Object,Other Crime,2,No
2020-06-01 05:00:00,2020-01-04 01:00:00,04/01/2020 03:01,Chennai,524,ARSON,36,M,Firearm,Fire Accident,5,Yes
2020-05-01 02:00:00,2020-01-04 02:00:00,05/01/2020 01:45,Ahmedabad,404,CYBERCRIME,70,F,Knife,Other Crime,18,No
2020-06-01 00:00:00,2020-01-04 03:00:00,04/01/2020 20:57,Delhi,191,VANDALISM,52,M,Explosives,Other Crime,7,Yes
2020-04-01 22:00:00,2020-01-04 04:00:00,04/01/2020 14:30,Mumbai,369,KIDNAPPING,25,F,Explosives,Other Crime,14,No
2020-05-01 21:00:00,2020-01-04 05:00:00,04/01/2020 17:02,Indore,517,IDENTITY THEFT,58,F,Knife,Violent Crime,10,Yes
2020-05-01 20:00:00,2020-01-04 06:00:00,05/01/2020 03:40,Mumbai,229,ROBBERY,39,F,Poison,Violent Crime,4,No
2020-07-01 03:00:00,2020-01-04 07:00:00,04/01/2020 23:54,Visakhapatnam,154,VEHICLE - STOLEN,54,F,Other,Violent Crime,15,Yes
2020-05-01 03:00:00,2020-01-04 08:00:00,04/01/2020 23:33,Delhi,197,ASSAULT,61,F,Knife,Violent Crime,10,Yes
2020-06-01 05:00:00,2020-01-04 09:00:00,04/01/2020 15:37,Jaipur,421,FRAUD,16,F,Explosives,Other Crime,17,No
2020-06-01 12:00:00,2020-01-04 10:00:00,05/01/2020 09:17,Mumbai,305,ROBBERY,25,F,Firearm,Violent Crime,14,Yes
2020-04-01 19:00:00,2020-01-04 11:00:00,05/01/2020 06:13,Kolkata,150,TRAFFIC VIOLATION,72,F,Blunt Object,Traffic Fatality,9,Yes
2020-05-01 18:00:00,2020-01-04 12:00:00,04/01/2020 12:40,Lucknow,542,PUBLIC INTOXICATION,48,M,Firearm,Other Crime,3,No
2020-06-01 17:00:00,2020-01-04 13:00:00,05/01/2020 06:42,Mumbai,438,VANDALISM,22,M,Other,Other Crime,5,Yes
2020-07-01 06:00:00,2020-01-04 14:00:00,04/01/2020 16:00,Lucknow,498,PUBLIC INTOXICATION,30,F,Firearm,Other Crime,10,Yes
2020-07-01 03:00:00,2020-01-04 15:00:00,04/01/2020 22:04,Rajkot,345,ROBBERY,11,F,Firearm,Violent Crime,1,No
2020-06-01 22:00:00,2020-01-04 16:00:00,04/01/2020 21:21,Mumbai,108,HOMICIDE,16,F,Knife,Other Crime,6,No
2020-06-01 18:00:00,2020-01-04 17:00:00,05/01/2020 06:38,Hyderabad,219,VEHICLE - STOLEN,73,F,Blunt Object,Violent Crime,12,No
2020-05-01 04:00:00,2020-01-04 18:00:00,05/01/2020 17:15,Kolkata,219,BURGLARY,72,F,Poison,Other Crime,9,No
2020-04-01 20:00:00,2020-01-04 19:00:00,05/01/2020 09:21,Jaipur,510,CYBERCRIME,60,F,Other,Other Crime,7,No
2020-05-01 16:00:00,2020-01-04 20:00:00,05/01/2020 07:36,Hyderabad,597,FRAUD,53,M,Other,Other Crime,13,Yes
2020-06-01 21:00:00,2020-01-04 21:00:00,05/01/2020 08:12,Mumbai,272,SEXUAL ASSAULT,42,F,Firearm,Violent Crime,3,No
2020-06-01 08:00:00,2020-01-04 22:00:00,04/01/2020 22:16,Vasai,413,PUBLIC INTOXICATION,10,M,Firearm,Other Crime,11,No
2020-06-01 08:00:00,2020-01-04 23:00:00,05/01/2020 14:10,Hyderabad,355,DRUG OFFENSE,51,F,Blunt Object,Other Crime,7,No
2020-06-01 02:00:00,2020-01-05 00:00:00,05/01/2020 15:36,Nagpur,523,IDENTITY THEFT,26,F,Explosives,Violent Crime,5,Yes
2020-06-01 17:00:00,2020-01-05 01:00:00,05/01/2020 02:56,Kolkata,486,SEXUAL ASSAULT,71,M,Blunt Object,Violent Crime,6,No
2020-06-01 23:00:00,2020-01-05 02:00:00,05/01/2020 14:38,Hyderabad,292,IDENTITY THEFT,74,F,Explosives,Violent Crime,15,Yes
2020-06-01 20:00:00,2020-01-05 03:00:00,05/01/2020 06:41,Hyderabad,455,DRUG OFFENSE,13,F,Other,Other Crime,13,Yes
2020-06-01 23:00:00,2020-01-05 04:00:00,05/01/2020 14:02,Ahmedabad,515,PUBLIC INTOXICATION,50,F,Knife,Other Crime,1,Yes
2020-05-01 16:00:00,2020-01-05 05:00:00,05/01/2020 22:34,Mumbai,566,EXTORTION,69,F,Explosives,Other Crime,18,No
2020-07-01 00:00:00,2020-01-05 06:00:00,05/01/2020 17:43,Kanpur,419,ASSAULT,34,F,Other,Violent Crime,6,No
2020-07-01 16:00:00,2020-01-05 07:00:00,05/01/2020 14:13,Mumbai,250,VEHICLE - STOLEN,38,F,Poison,Violent Crime,14,Yes
2020-06-01 23:00:00,2020-01-05 08:00:00,05/01/2020 19:30,Lucknow,597,FRAUD,44,F,Blunt Object,Other Crime,16,No
2020-06-01 00:00:00,2020-01-05 09:00:00,05/01/2020 10:05,Hyderabad,583,VEHICLE - STOLEN,69,F,Other,Violent Crime,12,Yes
2020-05-01 11:00:00,2020-01-05 10:00:00,05/01/2020 17:21,Lucknow,342,DOMESTIC VIOLENCE,12,F,Blunt Object,Violent Crime,1,No
2020-07-01 12:00:00,2020-01-05 11:00:00,06/01/2020 09:35,Bangalore,417,ARSON,21,F,Poison,Fire Accident,3,Yes
2020-07-01 20:00:00,2020-01-05 12:00:00,06/01/2020 00:07,Chennai,169,PUBLIC INTOXICATION,55,F,Blunt Object,Other Crime,8,No
2020-05-01 17:00:00,2020-01-05 13:00:00,05/01/2020 23:32,Delhi,464,ARSON,15,F,Other,Fire Accident,9,No
2020-07-01 04:00:00,2020-01-05 14:00:00,05/01/2020 23:24,Visakhapatnam,500,ILLEGAL POSSESSION,58,F,Explosives,Other Crime,5,Yes
2020-08-01 05:00:00,2020-01-05 15:00:00,06/01/2020 07:02,Delhi,183,COUNTERFEITING,37,F,Other,Other Crime,6,No
2020-07-01 09:00:00,2020-01-05 16:00:00,06/01/2020 14:55,Bangalore,270,HOMICIDE,49,F,Knife,Other Crime,7,Yes
2020-06-01 15:00:00,2020-01-05 17:00:00,06/01/2020 06:42,Surat,259,EXTORTION,30,M,Poison,Other Crime,5,No
2020-07-01 13:00:00,2020-01-05 18:00:00,06/01/2020 08:02,Pune,184,FIREARM OFFENSE,50,F,Blunt Object,Fire Accident,15,Yes
2020-05-01 20:00:00,2020-01-05 19:00:00,06/01/2020 06:26,Mumbai,353,BURGLARY,64,F,Knife,Other Crime,10,No
2020-07-01 04:00:00,2020-01-05 20:00:00,06/01/2020 10:15,Lucknow,235,VANDALISM,43,M,Poison,Other Crime,14,Yes
2020-06-01 20:00:00,2020-01-05 21:00:00,06/01/2020 02:16,Delhi,287,DRUG OFFENSE,32,M,Explosives,Other Crime,13,Yes
2020-07-01 19:00:00,2020-01-05 22:00:00,05/01/2020 23:48,Mumbai,257,ILLEGAL POSSESSION,14,M,Poison,Other Crime,3,Yes
2020-07-01 02:00:00,2020-01-05 23:00:00,06/01/2020 07:04,Pune,537,TRAFFIC VIOLATION,70,M,Other,Traffic Fatality,3,Yes
2020-07-01 14:00:00,2020-01-06 00:00:00,06/01/2020 12:16,Ahmedabad,277,VEHICLE - STOLEN,78,F,Firearm,Violent Crime,10,Yes
2020-08-01 19:00:00,2020-01-06 01:00:00,06/01/2020 22:59,Delhi,321,KIDNAPPING,22,F,Other,Other Crime,19,Yes
2020-06-01 04:00:00,2020-01-06 02:00:00,07/01/2020 00:00,Bhopal,432,VANDALISM,60,F,Other,Other Crime,4,No
2020-08-01 23:00:00,2020-01-06 03:00:00,06/01/2020 06:56,Ludhiana,129,SEXUAL ASSAULT,44,F,Blunt Object,Violent Crime,2,No
2020-09-01 00:00:00,2020-01-06 04:00:00,06/01/2020 19:19,Pune,347,FRAUD,30,M,Knife,Other Crime,14,No
2020-09-01 02:00:00,2020-01-06 05:00:00,06/01/2020 05:15,Pune,127,ASSAULT,62,F,Other,Violent Crime,10,No
2020-07-01 07:00:00,2020-01-06 06:00:00,07/01/2020 00:44,Surat,117,FIREARM OFFENSE,42,F,Other,Fire Accident,8,No
2020-07-01 04:00:00,2020-01-06 07:00:00,07/01/2020 02:17,Ghaziabad,339,IDENTITY THEFT,73,F,Knife,Violent Crime,2,Yes
2020-09-01 04:00:00,2020-01-06 08:00:00,06/01/2020 12:39,Kanpur,374,SHOPLIFTING,25,M,Explosives,Other Crime,15,No
2020-08-01 14:00:00,2020-01-06 09:00:00,06/01/2020 14:55,Ghaziabad,111,ROBBERY,33,M,Other,Violent Crime,3,Yes
2020-08-01 13:00:00,2020-01-06 10:00:00,06/01/2020 19:26,Agra,331,ARSON,13,F,Poison,Fire Accident,19,No
2020-07-01 04:00:00,2020-01-06 11:00:00,07/01/2020 06:55,Lucknow,295,IDENTITY THEFT,39,F,Knife,Violent Crime,8,No
2020-06-01 23:00:00,2020-01-06 12:00:00,06/01/2020 19:17,Bangalore,309,HOMICIDE,18,M,Other,Other Crime,2,No
2020-06-01 22:00:00,2020-01-06 13:00:00,07/01/2020 00:56,Lucknow,465,ILLEGAL POSSESSION,75,F,Knife,Other Crime,8,No
2020-06-01 18:00:00,2020-01-06 14:00:00,07/01/2020 07:26,Delhi,406,VANDALISM,50,F,Other,Other Crime,15,No
2020-09-01 07:00:00,2020-01-06 15:00:00,07/01/2020 02:16,Delhi,278,FRAUD,71,F,Other,Other Crime,7,No
2020-07-01 23:00:00,2020-01-06 16:00:00,07/01/2020 01:01,Ahmedabad,569,PUBLIC INTOXICATION,38,F,Explosives,Other Crime,12,Yes
2020-08-01 12:00:00,2020-01-06 17:00:00,06/01/2020 20:11,Mumbai,445,ASSAULT,12,M,Blunt Object,Violent Crime,6,No
2020-08-01 17:00:00,2020-01-06 18:00:00,07/01/2020 07:11,Kanpur,465,KIDNAPPING,57,F,Other,Other Crime,2,No
2020-08-01 16:00:00,2020-01-06 19:00:00,07/01/2020 01:17,Jaipur,404,CYBERCRIME,47,F,Firearm,Other Crime,16,Yes
2020-08-01 13:00:00,2020-01-06 20:00:00,07/01/2020 14:13,Delhi,270,DOMESTIC VIOLENCE,73,F,Other,Violent Crime,14,No
2020-07-01 23:00:00,2020-01-06 21:00:00,07/01/2020 06:34,Mumbai,113,FIREARM OFFENSE,41,F,Blunt Object,Fire Accident,4,Yes
2020-07-01 09:00:00,2020-01-06 22:00:00,07/01/2020 12:37,Mumbai,278,ILLEGAL POSSESSION,45,F,Other,Other Crime,2,No
2020-07-01 06:00:00,2020-01-06 23:00:00,07/01/2020 16:49,Varanasi,487,ASSAULT,79,F,Firearm,Violent Crime,14,Yes
2020-08-01 20:00:00,2020-01-07 00:00:00,07/01/2020 03:38,Ludhiana,172,IDENTITY THEFT,17,M,Firearm,Violent Crime,10,No
2020-08-01 01:00:00,2020-01-07 01:00:00,07/01/2020 16:44,Kolkata,165,PUBLIC INTOXICATION,15,F,Knife,Other Crime,16,No
2020-07-01 16:00:00,2020-01-07 02:00:00,07/01/2020 18:49,Meerut,514,CYBERCRIME,44,F,Other,Other Crime,6,Yes
2020-07-01 16:00:00,2020-01-07 03:00:00,07/01/2020 22:27,Bangalore,262,COUNTERFEITING,28,F,Knife,Other Crime,8,No
2020-07-01 06:00:00,2020-01-07 04:00:00,08/01/2020 01:09,Agra,558,IDENTITY THEFT,41,F,Other,Violent Crime,5,Yes
2020-07-01 08:00:00,2020-01-07 05:00:00,07/01/2020 11:19,Patna,157,SHOPLIFTING,46,F,Knife,Other Crime,1,Yes
2020-08-01 08:00:00,2020-01-07 06:00:00,07/01/2020 13:59,Bhopal,241,DRUG OFFENSE,35,F,Blunt Object,Other Crime,3,Yes
2020-07-01 08:00:00,2020-01-07 07:00:00,07/01/2020 16:17,Bangalore,311,ILLEGAL POSSESSION,67,M,Other,Other Crime,16,No
2020-08-01 01:00:00,2020-01-07 08:00:00,07/01/2020 17:21,Delhi,248,IDENTITY THEFT,23,F,Knife,Violent Crime,16,No
2020-09-01 16:00:00,2020-01-07 09:00:00,07/01/2020 19:49,Chennai,523,KIDNAPPING,39,F,Other,Other Crime,11,No
2020-10-01 06:00:00,2020-01-07 10:00:00,07/01/2020 19:37,Bangalore,238,DOMESTIC VIOLENCE,48,F,Blunt Object,Violent Crime,5,No
2020-10-01 05:00:00,2020-01-07 11:00:00,07/01/2020 12:05,Pune,109,DOMESTIC VIOLENCE,71,F,Blunt Object,Violent Crime,14,Yes
2020-07-01 13:00:00,2020-01-07 12:00:00,07/01/2020 13:48,Hyderabad,448,COUNTERFEITING,32,F,Other,Other Crime,8,No
2020-08-01 16:00:00,2020-01-07 13:00:00,08/01/2020 03:32,Ahmedabad,588,HOMICIDE,18,F,Firearm,Other Crime,13,No
2020-09-01 18:00:00,2020-01-07 14:00:00,08/01/2020 06:49,Delhi,236,VEHICLE - STOLEN,38,F,Poison,Violent Crime,15,Yes
2020-07-01 19:00:00,2020-01-07 15:00:00,08/01/2020 14:26,Kolkata,509,ASSAULT,27,F,Blunt Object,Violent Crime,17,Yes
2020-09-01 03:00:00,2020-01-07 16:00:00,08/01/2020 09:21,Meerut,321,COUNTERFEITING,30,F,Knife,Other Crime,13,Yes
2020-07-01 21:00:00,2020-01-07 17:00:00,07/01/2020 17:22,Surat,420,CYBERCRIME,17,F,Other,Other Crime,12,No
2020-09-01 16:00:00,2020-01-07 18:00:00,08/01/2020 09:50,Pune,589,SHOPLIFTING,39,F,Knife,Other Crime,15,No
2020-08-01 20:00:00,2020-01-07 19:00:00,08/01/2020 02:04,Pune,492,ARSON,66,F,Firearm,Fire Accident,5,No
2020-10-01 00:00:00,2020-01-07 20:00:00,08/01/2020 06:07,Ghaziabad,312,SEXUAL ASSAULT,11,F,Firearm,Violent Crime,9,Yes
2020-10-01 14:00:00,2020-01-07 21:00:00,08/01/2020 00:42,Ahmedabad,234,VANDALISM,54,M,Firearm,Other Crime,19,Yes
2020-08-01 16:00:00,2020-01-07 22:00:00,08/01/2020 05:25,Delhi,470,VANDALISM,79,M,Explosives,Other Crime,13,Yes
2020-08-01 22:00:00,2020-01-07 23:00:00,08/01/2020 02:01,Delhi,518,FRAUD,12,F,Firearm,Other Crime,3,Yes
2020-08-01 16:00:00,2020-01-08 00:00:00,08/01/2020 00:14,Lucknow,295,DRUG OFFENSE,19,F,Blunt Object,Other Crime,16,No
2020-10-01 07:00:00,2020-01-08 01:00:00,08/01/2020 05:22,Kalyan,342,TRAFFIC VIOLATION,21,F,Knife,Traffic Fatality,8,Yes
2020-09-01 11:00:00,2020-01-08 02:00:00,08/01/2020 18:43,Agra,352,COUNTERFEITING,24,M,Other,Other Crime,14,Yes
2020-08-01 15:00:00,2020-01-08 03:00:00,09/01/2020 01:57,Jaipur,305,TRAFFIC VIOLATION,58,M,Poison,Traffic Fatality,4,No
2020-11-01 03:00:00,2020-01-08 04:00:00,08/01/2020 13:20,Hyderabad,245,SEXUAL ASSAULT,51,F,Blunt Object,Violent Crime,17,Yes
2020-09-01 20:00:00,2020-01-08 05:00:00,09/01/2020 01:34,Indore,438,DRUG OFFENSE,40,F,Other,Other Crime,7,No
2020-09-01 00:00:00,2020-01-08 06:00:00,08/01/2020 10:27,Surat,144,ROBBERY,64,M,Blunt Object,Violent Crime,13,Yes
2020-09-01 23:00:00,2020-01-08 07:00:00,08/01/2020 22:06,Lucknow,292,BURGLARY,66,F,Other,Other Crime,14,Yes
2020-08-01 14:00:00,2020-01-08 08:00:00,09/01/2020 02:25,Chennai,134,FIREARM OFFENSE,28,F,Firearm,Fire Accident,8,Yes
2020-09-01 15:00:00,2020-01-08 09:00:00,08/01/2020 16:59,Mumbai,331,ILLEGAL POSSESSION,54,F,Other,Other Crime,11,No
2020-10-01 12:00:00,2020-01-08 10:00:00,09/01/2020 07:31,Agra,191,FRAUD,42,F,Knife,Other Crime,8,No
2020-10-01 01:00:00,2020-01-08 11:00:00,09/01/2020 02:31,Pune,584,DOMESTIC VIOLENCE,72,M,Blunt Object,Violent Crime,14,Yes
2020-10-01 18:00:00,2020-01-08 12:00:00,09/01/2020 07:34,Bangalore,341,TRAFFIC VIOLATION,23,F,Poison,Traffic Fatality,1,No
2020-10-01 13:00:00,2020-01-08 13:00:00,09/01/2020 12:16,Mumbai,541,CYBERCRIME,53,F,Poison,Other Crime,9,No
2020-10-01 09:00:00,2020-01-08 14:00:00,08/01/2020 17:18,Ahmedabad,133,SEXUAL ASSAULT,28,F,Firearm,Violent Crime,12,Yes
2020-10-01 04:00:00,2020-01-08 15:00:00,08/01/2020 23:28,Hyderabad,422,SEXUAL ASSAULT,27,F,Other,Violent Crime,4,No
2020-08-01 19:00:00,2020-01-08 16:00:00,08/01/2020 17:27,Mumbai,151,FRAUD,67,F,Other,Other Crime,19,Yes
2020-11-01 15:00:00,2020-01-08 17:00:00,09/01/2020 08:32,Bangalore,287,FRAUD,70,F,Other,Other Crime,8,Yes
2020-09-01 09:00:00,2020-01-08 18:00:00,09/01/2020 10:28,Delhi,541,VANDALISM,75,F,Blunt Object,Other Crime,4,Yes
2020-09-01 18:00:00,2020-01-08 19:00:00,09/01/2020 18:53,Nagpur,236,IDENTITY THEFT,66,F,Other,Violent Crime,14,Yes
2020-09-01 04:00:00,2020-01-08 20:00:00,09/01/2020 03:24,Hyderabad,415,EXTORTION,24,F,Knife,Other Crime,2,Yes
2020-11-01 05:00:00,2020-01-08 21:00:00,08/01/2020 21:24,Chennai,151,CYBERCRIME,44,M,Explosives,Other Crime,15,Yes
2020-09-01 15:00:00,2020-01-08 22:00:00,09/01/2020 15:53,Chennai,268,KIDNAPPING,63,F,Knife,Other Crime,9,No
2020-09-01 02:00:00,2020-01-08 23:00:00,09/01/2020 20:39,Delhi,381,IDENTITY THEFT,18,M,Blunt Object,Violent Crime,11,Yes
2020-10-01 20:00:00,2020-01-09 00:00:00,09/01/2020 05:28,Ghaziabad,249,PUBLIC INTOXICATION,19,F,Other,Other Crime,3,No
2020-09-01 09:00:00,2020-01-09 01:00:00,09/01/2020 04:00,Jaipur,389,DOMESTIC VIOLENCE,49,M,Other,Violent Crime,12,Yes
2020-11-01 16:00:00,2020-01-09 02:00:00,09/01/2020 08:16,Delhi,235,ILLEGAL POSSESSION,33,F,Poison,Other Crime,12,No
2020-10-01 04:00:00,2020-01-09 03:00:00,10/01/2020 00:18,Lucknow,562,DOMESTIC VIOLENCE,56,M,Other,Violent Crime,4,Yes
2020-10-01 10:00:00,2020-01-09 04:00:00,09/01/2020 15:55,Ahmedabad,287,PUBLIC INTOXICATION,32,M,Explosives,Other Crime,1,Yes
2020-11-01 17:00:00,2020-01-09 05:00:00,09/01/2020 10:20,Hyderabad,316,EXTORTION,25,F,Explosives,Other Crime,10,Yes
2020-10-01 09:00:00,2020-01-09 06:00:00,09/01/2020 21:01,Delhi,367,ARSON,62,F,Firearm,Fire Accident,3,No
2020-11-01 13:00:00,2020-01-09 07:00:00,10/01/2020 02:06,Nashik,471,HOMICIDE,56,F,Blunt Object,Other Crime,4,No
2020-11-01 23:00:00,2020-01-09 08:00:00,10/01/2020 04:27,Srinagar,365,COUNTERFEITING,27,F,Blunt Object,Other Crime,8,Yes
2020-12-01 08:00:00,2020-01-09 09:00:00,09/01/2020 18:52,Nagpur,484,FRAUD,63,M,Explosives,Other Crime,13,No
2020-10-01 04:00:00,2020-01-09 10:00:00,09/01/2020 12:58,Mumbai,257,DRUG OFFENSE,34,F,Blunt Object,Other Crime,2,Yes
2020-11-01 16:00:00,2020-01-09 11:00:00,09/01/2020 13:00,Lucknow,427,KIDNAPPING,16,F,Firearm,Other Crime,5,Yes
2020-11-01 04:00:00,2020-01-09 12:00:00,10/01/2020 02:34,Hyderabad,340,SHOPLIFTING,59,F,Other,Other Crime,13,Yes
2020-09-01 22:00:00,2020-01-09 13:00:00,09/01/2020 23:51,Thane,246,VEHICLE - STOLEN,44,F,Other,Violent Crime,7,Yes
2020-11-01 08:00:00,2020-01-09 14:00:00,10/01/2020 12:37,Bangalore,376,COUNTERFEITING,21,F,Blunt Object,Other Crime,3,Yes
2020-09-01 19:00:00,2020-01-09 15:00:00,09/01/2020 20:15,Patna,542,ASSAULT,59,M,Other,Violent Crime,2,No
2020-10-01 11:00:00,2020-01-09 16:00:00,09/01/2020 17:29,Hyderabad,257,EXTORTION,41,F,Explosives,Other Crime,17,No
2020-12-01 03:00:00,2020-01-09 17:00:00,10/01/2020 06:07,Kolkata,573,PUBLIC INTOXICATION,43,F,Knife,Other Crime,18,Yes
2020-11-01 10:00:00,2020-01-09 18:00:00,09/01/2020 20:05,Bhopal,148,COUNTERFEITING,15,M,Explosives,Other Crime,6,No
2020-10-01 00:00:00,2020-01-09 19:00:00,10/01/2020 14:15,Delhi,439,FIREARM OFFENSE,34,M,Blunt Object,Fire Accident,17,No
2020-11-01 23:00:00,2020-01-09 20:00:00,10/01/2020 07:00,Kolkata,598,IDENTITY THEFT,19,F,Firearm,Violent Crime,6,Yes
2020-11-01 05:00:00,2020-01-09 21:00:00,10/01/2020 02:45,Bangalore,239,VEHICLE - STOLEN,73,M,Explosives,Violent Crime,13,Yes
2020-11-01 16:00:00,2020-01-09 22:00:00,10/01/2020 00:56,Delhi,267,SEXUAL ASSAULT,44,M,Explosives,Violent Crime,1,Yes
2020-10-01 16:00:00,2020-01-09 23:00:00,10/01/2020 09:23,Ahmedabad,163,SHOPLIFTING,14,F,Knife,Other Crime,18,No
2020-12-01 18:00:00,2020-01-10 00:00:00,10/01/2020 05:32,Kolkata,572,COUNTERFEITING,73,M,Other,Other Crime,2,Yes
2020-11-01 15:00:00,2020-01-10 01:00:00,10/01/2020 23:36,Surat,561,FRAUD,49,F,Other,Other Crime,18,No
2020-12-01 20:00:00,2020-01-10 02:00:00,10/01/2020 08:44,Pune,336,TRAFFIC VIOLATION,61,M,Other,Traffic Fatality,10,No
2020-12-01 11:00:00,2020-01-10 03:00:00,10/01/2020 17:27,Nagpur,563,BURGLARY,68,F,Knife,Other Crime,18,No
2020-10-01 23:00:00,2020-01-10 04:00:00,11/01/2020 03:16,Kolkata,218,VEHICLE - STOLEN,24,F,Other,Violent Crime,1,Yes
2020-11-01 08:00:00,2020-01-10 05:00:00,10/01/2020 05:29,Ludhiana,276,KIDNAPPING,69,F,Poison,Other Crime,7,Yes
2020-11-01 21:00:00,2020-01-10 06:00:00,10/01/2020 19:37,Bangalore,570,FRAUD,55,F,Poison,Other Crime,11,No
2020-12-01 21:00:00,2020-01-10 07:00:00,10/01/2020 23:31,Chennai,307,ROBBERY,49,F,Knife,Violent Crime,19,Yes
2020-10-01 19:00:00,2020-01-10 08:00:00,11/01/2020 00:10,Bangalore,153,CYBERCRIME,40,F,Firearm,Other Crime,5,Yes
2020-10-01 15:00:00,2020-01-10 09:00:00,10/01/2020 15:46,Surat,340,HOMICIDE,51,F,Explosives,Other Crime,8,No
2020-12-01 16:00:00,2020-01-10 10:00:00,10/01/2020 23:35,Mumbai,365,VANDALISM,35,F,Poison,Other Crime,15,Yes
2020-10-01 16:00:00,2020-01-10 11:00:00,11/01/2020 01:56,Pune,269,COUNTERFEITING,65,F,Blunt Object,Other Crime,6,No
,2020-01-10 12:00:00,11/01/2020 04:03,Jaipur,247,VEHICLE - STOLEN,61,F,Other,Violent Crime,18,Yes
2020-11-01 00:00:00,2020-01-10 13:00:00,11/01/2020 08:27,Ahmedabad,190,VANDALISM,35,M,Poison,Other Crime,8,No
2020-12-01 23:00:00,2020-01-10 14:00:00,10/01/2020 22:47,Pune,429,IDENTITY THEFT,45,M,Blunt Object,Violent Crime,1,No
2020-12-01 15:00:00,2020-01-10 15:00:00,11/01/2020 04:38,Patna,547,ARSON,32,F,Other,Fire Accident,12,Yes
2020-12-01 17:00:00,2020-01-10 16:00:00,10/01/2020 19:09,Mumbai,136,HOMICIDE,11,F,Other,Other Crime,9,No
2020-11-01 17:00:00,2020-01-10 17:00:00,11/01/2020 03:46,Kolkata,254,ASSAULT,40,M,Poison,Violent Crime,14,No
2020-12-01 21:00:00,2020-01-10 18:00:00,10/01/2020 20:30,Mumbai,514,TRAFFIC VIOLATION,23,F,Firearm,Traffic Fatality,19,Yes
,2020-01-10 19:00:00,10/01/2020 22:34,Ludhiana,105,ARSON,14,M,Poison,Fire Accident,12,Yes
2020-12-01 13:00:00,2020-01-10 20:00:00,11/01/2020 06:53,Visakhapatnam,561,CYBERCRIME,23,M,Other,Other Crime,7,No
2020-12-01 02:00:00,2020-01-10 21:00:00,11/01/2020 04:23,Chennai,583,CYBERCRIME,35,M,Knife,Other Crime,4,No
2020-12-01 17:00:00,2020-01-10 22:00:00,11/01/2020 10:13,Delhi,418,FIREARM OFFENSE,65,M,Knife,Fire Accident,15,No
2020-11-01 11:00:00,2020-01-10 23:00:00,11/01/2020 11:41,Hyderabad,466,FIREARM OFFENSE,51,F,Knife,Fire Accident,13,No
2020-12-01 14:00:00,2020-01-11 00:00:00,11/01/2020 00:34,Mumbai,402,COUNTERFEITING,35,F,Other,Other Crime,17,No
2020-11-01 08:00:00,2020-01-11 01:00:00,11/01/2020 03:03,Bangalore,188,VANDALISM,59,F,Blunt Object,Other Crime,1,Yes
2020-12-01 01:00:00,2020-01-11 02:00:00,11/01/2020 11:51,Pune,512,FRAUD,48,F,Knife,Other Crime,4,Yes
,2020-01-11 03:00:00,11/01/2020 10:11,Kalyan,388,SEXUAL ASSAULT,18,F,Poison,Violent Crime,19,Yes
,2020-01-11 04:00:00,11/01/2020 14:49,Nagpur,423,ROBBERY,58,F,Firearm,Violent Crime,17,Yes
2020-11-01 21:00:00,2020-01-11 05:00:00,11/01/2020 17:14,Kolkata,399,ILLEGAL POSSESSION,65,F,Knife,Other Crime,7,No
,2020-01-11 06:00:00,11/01/2020 08:58,Nagpur,432,EXTORTION,38,F,Blunt Object,Other Crime,6,Yes
,2020-01-11 07:00:00,11/01/2020 20:32,Ahmedabad,262,IDENTITY THEFT,77,F,Explosives,Violent Crime,13,Yes
,2020-01-11 08:00:00,12/01/2020 07:14,Thane,293,DOMESTIC VIOLENCE,70,F,Explosives,Violent Crime,8,Yes
,2020-01-11 09:00:00,11/01/2020 21:57,Nagpur,164,EXTORTION,11,F,Other,Other Crime,17,Yes
,2020-01-11 10:00:00,12/01/2020 02:39,Delhi,342,FIREARM OFFENSE,45,F,Other,Fire Accident,13,No
,2020-01-11 11:00:00,11/01/2020 15:11,Thane,182,SHOPLIFTING,71,F,Firearm,Other Crime,3,Yes
2020-12-01 03:00:00,2020-01-11 12:00:00,12/01/2020 01:17,Hyderabad,362,TRAFFIC VIOLATION,11,M,Other,Traffic Fatality,10,Yes
2020-12-01 18:00:00,2020-01-11 13:00:00,11/01/2020 15:04,Nashik,123,ILLEGAL POSSESSION,39,M,Other,Other Crime,3,Yes
,2020-01-11 14:00:00,11/01/2020 21:38,Meerut,233,FIREARM OFFENSE,68,M,Explosives,Fire Accident,18,No
,2020-01-11 15:00:00,12/01/2020 06:45,Kolkata,581,PUBLIC INTOXICATION,76,M,Explosives,Other Crime,9,Yes
2020-12-01 13:00:00,2020-01-11 16:00:00,12/01/2020 00:13,Hyderabad,230,EXTORTION,47,M,Blunt Object,Other Crime,4,Yes
2020-11-01 19:00:00,2020-01-11 17:00:00,11/01/2020 17:21,Ahmedabad,402,IDENTITY THEFT,22,F,Other,Violent Crime,18,No
2020-12-01 22:00:00,2020-01-11 18:00:00,11/01/2020 22:11,Mumbai,151,EXTORTION,33,M,Poison,Other Crime,8,Yes
,2020-01-11 19:00:00,12/01/2020 08:18,Indore,366,KIDNAPPING,55,F,Firearm,Other Crime,11,No
2020-12-01 20:00:00,2020-01-11 20:00:00,12/01/2020 01:13,Chennai,542,BURGLARY,11,F,Other,Other Crime,7,Yes
2020-12-01 22:00:00,2020-01-11 21:00:00,12/01/2020 07:49,Ghaziabad,145,COUNTERFEITING,49,M,Blunt Object,Other Crime,13,Yes
2020-12-01 20:00:00,2020-01-11 22:00:00,12/01/2020 08:50,Kolkata,142,IDENTITY THEFT,56,F,Poison,Violent Crime,12,No
,2020-01-11 23:00:00,12/01/2020 22:04,Kanpur,261,SEXUAL ASSAULT,69,F,Knife,Violent Crime,11,Yes
2020-12-01 17:00:00,2020-01-12 00:00:00,12/01/2020 19:08,Visakhapatnam,152,COUNTERFEITING,79,F,Blunt Object,Other Crime,14,Yes
2020-12-01 12:00:00,2020-01-12 01:00:00,12/01/2020 03:39,Chennai,430,IDENTITY THEFT,17,F,Explosives,Violent Crime,19,No
,2020-01-12 02:00:00,12/01/2020 08:13,Nagpur,203,ILLEGAL POSSESSION,71,F,Explosives,Other Crime,6,No
,2020-01-12 03:00:00,12/01/2020 23:31,Kanpur,508,KIDNAPPING,16,F,Knife,Other Crime,8,Yes
2020-12-01 14:00:00,2020-01-12 04:00:00,12/01/2020 08:35,Surat,590,ROBBERY,71,M,Other,Violent Crime,10,No
,2020-01-12 05:00:00,12/01/2020 07:42,Srinagar,491,SHOPLIFTING,50,M,Explosives,Other Crime,11,Yes
,2020-01-12 06:00:00,12/01/2020 08:31,Indore,586,DRUG OFFENSE,38,M,Blunt Object,Other Crime,8,No
,2020-01-12 07:00:00,12/01/2020 23:49,Hyderabad,292,PUBLIC INTOXICATION,39,F,Knife,Other Crime,3,Yes
,2020-01-12 08:00:00,12/01/2020 11:51,Delhi,584,IDENTITY THEFT,36,M,Other,Violent Crime,3,No
,2020-01-12 09:00:00,12/01/2020 14:37,Bangalore,515,VEHICLE - STOLEN,56,F,Other,Violent Crime,6,No
,2020-01-12 10:00:00,13/01/2020 04:01,Bhopal,350,TRAFFIC VIOLATION,78,M,Blunt Object,Traffic Fatality,16,No
,2020-01-12 11:00:00,13/01/2020 06:07,Ahmedabad,546,ASSAULT,21,M,Other,Violent Crime,1,No
2020-12-01 23:00:00,2020-01-12 12:00:00,13/01/2020 10:15,Indore,115,ASSAULT,10,F,Poison,Violent Crime,14,No
,2020-01-12 13:00:00,12/01/2020 13:29,Bhopal,254,TRAFFIC VIOLATION,44,F,Knife,Traffic Fatality,7,No
,2020-01-12 14:00:00,13/01/2020 04:56,Chennai,410,TRAFFIC VIOLATION,58,M,Knife,Traffic Fatality,8,Yes
,2020-01-12 15:00:00,13/01/2020 04:19,Ludhiana,217,KIDNAPPING,45,F,Blunt Object,Other Crime,18,Yes
,2020-01-12 16:00:00,13/01/2020 10:14,Srinagar,189,FIREARM OFFENSE,12,F,Poison,Fire Accident,3,No
,2020-01-12 17:00:00,13/01/2020 00:49,Ludhiana,180,FRAUD,62,F,Other,Other Crime,2,Yes
,2020-01-12 18:00:00,13/01/2020 01:20,Ludhiana,215,BURGLARY,48,F,Blunt Object,Other Crime,7,No
,2020-01-12 19:00:00,13/01/2020 03:34,Mumbai,481,ARSON,55,F,Other,Fire Accident,5,Yes
,2020-01-12 20:00:00,13/01/2020 15:38,Indore,577,ASSAULT,70,F,Blunt Object,Violent Crime,6,No
,2020-01-12 21:00:00,13/01/2020 05:53,Mumbai,212,SHOPLIFTING,38,M,Other,Other Crime,11,Yes
,2020-01-12 22:00:00,13/01/2020 16:05,Pune,244,VEHICLE - STOLEN,12,F,Explosives,Violent Crime,3,Yes
,2020-01-12 23:00:00,13/01/2020 01:39,Bangalore,363,IDENTITY THEFT,30,F,Firearm,Violent Crime,9,Yes
,,13/01/2020 15:29,Chennai,550,ILLEGAL POSSESSION,25,F,Blunt Object,Other Crime,3,Yes
,,13/01/2020 10:14,Ahmedabad,484,EXTORTION,22,F,Other,Other Crime,9,No
,,13/01/2020 08:25,Chennai,515,SHOPLIFTING,69,F,Explosives,Other Crime,15,No
,,13/01/2020 20:23,Chennai,307,BURGLARY,31,F,Poison,Other Crime,16,No
,,13/01/2020 11:50,Thane,289,BURGLARY,59,M,Poison,Other Crime,9,No
,,13/01/2020 10:55,Chennai,562,ASSAULT,51,F,Blunt Object,Violent Crime,4,Yes
,,13/01/2020 11:43,Bangalore,568,DOMESTIC VIOLENCE,48,M,Poison,Violent Crime,6,Yes
,,13/01/2020 13:14,Kolkata,262,VANDALISM,62,M,Other,Other Crime,4,Yes
,,13/01/2020 16:27,Delhi,546,TRAFFIC VIOLATION,50,M,Explosives,Traffic Fatality,5,No
,,14/01/2020 04:47,Kolkata,199,IDENTITY THEFT,32,M,Explosives,Violent Crime,19,Yes
,,14/01/2020 04:55,Srinagar,513,SEXUAL ASSAULT,40,F,Other,Violent Crime,1,No
,,14/01/2020 04:57,Nagpur,256,ROBBERY,55,F,Blunt Object,Violent Crime,7,Yes
,,14/01/2020 08:43,Jaipur,390,IDENTITY THEFT,64,M,Other,Violent Crime,6,No
,,14/01/2020 00:49,Chennai,206,ARSON,59,F,Other,Fire Accident,12,Yes
,,13/01/2020 21:22,Kanpur,491,DOMESTIC VIOLENCE,12,F,Blunt Object,Violent Crime,4,No
,,13/01/2020 20:23,Kalyan,139,PUBLIC INTOXICATION,30,F,Other,Other Crime,11,Yes
,,13/01/2020 16:47,Pune,126,TRAFFIC VIOLATION,13,F,Knife,Traffic Fatality,13,Yes
,,14/01/2020 07:31,Faridabad,431,FIREARM OFFENSE,27,M,Poison,Fire Accident,19,No
,,13/01/2020 22:40,Kanpur,528,TRAFFIC VIOLATION,50,F,Firearm,Traffic Fatality,3,Yes
,,14/01/2020 07:24,Indore,282,COUNTERFEITING,66,F,Other,Other Crime,5,No
,,14/01/2020 17:26,Bangalore,577,SEXUAL ASSAULT,26,M,Firearm,Violent Crime,12,Yes
,,14/01/2020 16:26,Ahmedabad,494,DOMESTIC VIOLENCE,35,F,Poison,Violent Crime,9,Yes
,,14/01/2020 16:21,Delhi,395,DRUG OFFENSE,29,F,Other,Other Crime,6,Yes
,,14/01/2020 12:22,Kolkata,276,ARSON,32,F,Firearm,Fire Accident,11,No
,,14/01/2020 16:05,Bangalore,560,DRUG OFFENSE,37,F,Firearm,Other Crime,13,No
,,14/01/2020 04:12,Bangalore,217,ASSAULT,18,F,Firearm,Violent Crime,6,No
,,14/01/2020 17:13,Kanpur,389,BURGLARY,60,M,Poison,Other Crime,1,Yes
,,14/01/2020 19:05,Delhi,361,BURGLARY,42,M,Other,Other Crime,11,Yes
,,14/01/2020 12:47,Mumbai,269,DOMESTIC VIOLENCE,42,F,Knife,Violent Crime,1,Yes
,,14/01/2020 19:04,Nashik,106,COUNTERFEITING,67,M,Other,Other Crime,5,No
,,14/01/2020 13:56,Lucknow,330,VANDALISM,79,F,Other,Other Crime,13,No
,,15/01/2020 02:59,Bangalore,190,ARSON,41,M,Knife,Fire Accident,2,No
,,14/01/2020 17:56,Pune,446,FRAUD,45,M,Poison,Other Crime,7,No
,,14/01/2020 15:37,Kolkata,503,TRAFFIC VIOLATION,62,M,Other,Traffic Fatality,18,Yes
,,14/01/2020 21:12,Bangalore,471,ARSON,64,F,Explosives,Fire Accident,18,No
,,14/01/2020 18:59,Mumbai,526,FRAUD,67,M,Knife,Other Crime,6,No
,,14/01/2020 20:43,Bangalore,589,SHOPLIFTING,67,F,Explosives,Other Crime,6,Yes
,,15/01/2020 05:46,Visakhapatnam,344,VANDALISM,45,F,Explosives,Other Crime,9,No
,,15/01/2020 12:44,Patna,470,ROBBERY,53,F,Poison,Violent Crime,15,No
,,15/01/2020 13:02,Bangalore,506,BURGLARY,68,M,Firearm,Other Crime,6,No
,,15/01/2020 02:16,Mumbai,187,ARSON,70,M,Knife,Fire Accident,7,No
,,15/01/2020 16:31,Surat,570,DRUG OFFENSE,42,F,Other,Other Crime,5,Yes
,,15/01/2020 13:53,Delhi,358,ARSON,15,F,Poison,Fire Accident,18,Yes
,,14/01/2020 21:22,Delhi,586,ILLEGAL POSSESSION,57,M,Knife,Other Crime,17,Yes
,,15/01/2020 07:04,Mumbai,534,COUNTERFEITING,70,M,Explosives,Other Crime,14,Yes
,,15/01/2020 13:22,Hyderabad,225,VANDALISM,42,M,Other,Other Crime,8,No
,,15/01/2020 21:18,Bangalore,331,SHOPLIFTING,77,F,Poison,Other Crime,1,No
,,15/01/2020 20:02,Ahmedabad,359,SHOPLIFTING,40,F,Other,Other Crime,5,Yes
,,15/01/2020 15:06,Delhi,574,COUNTERFEITING,53,F,Other,Other Crime,7,No
,,15/01/2020 06:07,Faridabad,477,SEXUAL ASSAULT,21,M,Other,Violent Crime,12,Yes
,,15/01/2020 10:01,Kanpur,419,DOMESTIC VIOLENCE,64,F,Other,Violent Crime,6,Yes
,,15/01/2020 17:40,Ahmedabad,167,PUBLIC INTOXICATION,36,F,Knife,Other Crime,13,Yes
,,15/01/2020 16:24,Pune,101,ROBBERY,14,F,Knife,Violent Crime,12,Yes
,,16/01/2020 04:41,Delhi,356,KIDNAPPING,30,F,Blunt Object,Other Crime,10,No
,,15/01/2020 21:41,Pune,390,CYBERCRIME,46,M,Firearm,Other Crime,16,Yes
,,15/01/2020 07:58,Ghaziabad,559,ASSAULT,48,F,Other,Violent Crime,3,Yes
,,15/01/2020 10:55,Meerut,344,SEXUAL ASSAULT,60,F,Firearm,Violent Crime,19,No
,,16/01/2020 04:37,Delhi,385,BURGLARY,11,M,Firearm,Other Crime,13,No
,,16/01/2020 09:08,Mumbai,236,DOMESTIC VIOLENCE,76,F,Other,Violent Crime,14,No
,,16/01/2020 05:33,Delhi,277,ILLEGAL POSSESSION,55,M,Knife,Other Crime,13,Yes
,,16/01/2020 09:42,Lucknow,343,TRAFFIC VIOLATION,17,F,Other,Traffic Fatality,19,No
,,15/01/2020 18:19,Bangalore,387,PUBLIC INTOXICATION,50,F,Poison,Other Crime,7,Yes
,,16/01/2020 05:48,Pune,168,VEHICLE - STOLEN,73,F,Firearm,Violent Crime,2,No
,,16/01/2020 01:58,Mumbai,270,CYBERCRIME,44,F,Blunt Object,Other Crime,11,Yes
,,16/01/2020 09:30,Delhi,205,ILLEGAL POSSESSION,64,F,Explosives,Other Crime,12,Yes
,,16/01/2020 05:24,Vasai,272,EXTORTION,78,F,Explosives,Other Crime,12,Yes
,,16/01/2020 00:09,Nashik,226,HOMICIDE,54,F,Other,Other Crime,8,No
,,15/01/2020 21:21,Pune,562,BURGLARY,25,F,Poison,Other Crime,19,No
,,16/01/2020 16:30,Delhi,328,CYBERCRIME,44,M,Knife,Other Crime,11,No
,,16/01/2020 09:44,Lucknow,224,DRUG OFFENSE,12,F,Firearm,Other Crime,2,No
,,16/01/2020 18:11,Lucknow,503,ASSAULT,31,F,Other,Violent Crime,3,Yes
,,16/01/2020 04:29,Kolkata,418,BURGLARY,14,F,Explosives,Other Crime,2,Yes
,,16/01/2020 01:07,Meerut,568,ILLEGAL POSSESSION,14,M,Knife,Other Crime,9,No
,,16/01/2020 16:35,Ludhiana,502,CYBERCRIME,26,F,Poison,Other Crime,17,Yes
,,16/01/2020 13:30,Jaipur,227,ILLEGAL POSSESSION,51,F,Firearm,Other Crime,6,No
,,16/01/2020 12:08,Nagpur,583,KIDNAPPING,11,F,Other,Other Crime,16,No
,,16/01/2020 06:19,Jaipur,417,IDENTITY THEFT,43,F,Other,Violent Crime,15,No
,,16/01/2020 09:39,Nagpur,512,FRAUD,69,M,Other,Other Crime,14,No
,,16/01/2020 08:38,Nashik,511,ILLEGAL POSSESSION,59,M,Knife,Other Crime,13,No
,,16/01/2020 21:25,Chennai,392,KIDNAPPING,31,M,Other,Other Crime,15,No
,,16/01/2020 11:57,Indore,151,ILLEGAL POSSESSION,46,F,Explosives,Other Crime,7,No
,,17/01/2020 02:08,Bangalore,213,COUNTERFEITING,28,M,Poison,Other Crime,19,Yes
,,17/01/2020 08:59,Ghaziabad,339,EXTORTION,62,F,Knife,Other Crime,19,No
,,17/01/2020 06:35,Delhi,286,FIREARM OFFENSE,36,F,Knife,Fire Accident,15,No
,,16/01/2020 21:32,Delhi,282,SEXUAL ASSAULT,24,F,Blunt Object,Violent Crime,8,No
,,16/01/2020 13:15,Meerut,552,DOMESTIC VIOLENCE,36,F,Other,Violent Crime,8,Yes
,,16/01/2020 20:37,Delhi,510,DRUG OFFENSE,28,F,Other,Other Crime,11,No
,,17/01/2020 04:29,Lucknow,558,BURGLARY,29,F,Blunt Object,Other Crime,19,Yes
,,16/01/2020 17:57,Indore,432,BURGLARY,44,M,Blunt Object,Other Crime,18,Yes
,,17/01/2020 11:31,Mumbai,103,BURGLARY,27,F,Other,Other Crime,12,Yes
,,17/01/2020 00:53,Delhi,456,DRUG OFFENSE,19,F,Knife,Other Crime,8,No
,,17/01/2020 14:11,Ghaziabad,148,DRUG OFFENSE,36,F,Blunt Object,Other Crime,2,Yes
,,16/01/2020 20:42,Surat,349,IDENTITY THEFT,69,F,Blunt Object,Violent Crime,6,Yes
,,17/01/2020 10:33,Mumbai,587,IDENTITY THEFT,63,F,Poison,Violent Crime,3,Yes
,,17/01/2020 08:06,Kanpur,102,SEXUAL ASSAULT,38,F,Other,Violent Crime,18,No
,,17/01/2020 02:48,Thane,136,ILLEGAL POSSESSION,73,F,Explosives,Other Crime,9,No
,,17/01/2020 15:49,Pune,203,COUNTERFEITING,57,M,Poison,Other Crime,9,No
,,17/01/2020 06:21,Mumbai,159,IDENTITY THEFT,45,F,Firearm,Violent Crime,11,No
,,17/01/2020 23:14,Indore,210,COUNTERFEITING,13,F,Poison,Other Crime,17,No
,,18/01/2020 01:17,Rajkot,454,TRAFFIC VIOLATION,59,F,Poison,Traffic Fatality,12,Yes
,,17/01/2020 06:55,Pune,118,IDENTITY THEFT,79,F,Other,Violent Crime,19,Yes
,,17/01/2020 11:59,Nagpur,243,COUNTERFEITING,19,M,Explosives,Other Crime,12,No
,,17/01/2020 07:59,Delhi,343,COUNTERFEITING,51,F,Firearm,Other Crime,19,No
,,17/01/2020 17:42,Delhi,409,ILLEGAL POSSESSION,54,F,Knife,Other Crime,17,Yes
,,17/01/2020 13:19,Lucknow,489,VEHICLE - STOLEN,54,M,Poison,Violent Crime,10,No
,,18/01/2020 04:19,Mumbai,524,CYBERCRIME,56,M,Other,Other Crime,9,No
,,17/01/2020 22:19,Ahmedabad,324,SHOPLIFTING,65,F,Other,Other Crime,4,No
,,18/01/2020 01:40,Delhi,161,DOMESTIC VIOLENCE,35,F,Explosives,Violent Crime,8,No
,,18/01/2020 06:50,Chennai,248,BURGLARY,69,M,Explosives,Other Crime,7,No
,,18/01/2020 00:41,Jaipur,367,ROBBERY,78,F,Firearm,Violent Crime,1,Yes
,,18/01/2020 04:02,Kanpur,378,COUNTERFEITING,19,F,Explosives,Other Crime,1,No
,,18/01/2020 09:27,Mumbai,120,TRAFFIC VIOLATION,67,F,Knife,Traffic Fatality,19,No
,,17/01/2020 19:49,Meerut,567,DRUG OFFENSE,66,F,Knife,Other Crime,3,No
,,18/01/2020 03:18,Agra,169,BURGLARY,36,F,Other,Other Crime,12,Yes
,,17/01/2020 23:02,Kolkata,505,COUNTERFEITING,52,M,Other,Other Crime,15,No
,,18/01/2020 15:11,Varanasi,280,IDENTITY THEFT,77,F,Explosives,Violent Crime,6,No
,,18/01/2020 00:27,Pune,456,IDENTITY THEFT,38,F,Other,Violent Crime,9,Yes
,,18/01/2020 01:42,Srinagar,522,BURGLARY,14,F,Poison,Other Crime,7,Yes
,,18/01/2020 12:06,Hyderabad,305,EXTORTION,69,M,Other,Other Crime,1,No
,,18/01/2020 16:06,Varanasi,491,DOMESTIC VIOLENCE,52,F,Poison,Violent Crime,19,Yes
,,18/01/2020 11:14,Kanpur,219,PUBLIC INTOXICATION,72,M,Explosives,Other Crime,18,No
,,18/01/2020 10:38,Chennai,505,SHOPLIFTING,49,F,Explosives,Other Crime,11,Yes
,,18/01/2020 21:32,Kolkata,500,FIREARM OFFENSE,29,M,Poison,Fire Accident,7,Yes
,,18/01/2020 20:04,Mumbai,129,KIDNAPPING,46,M,Knife,Other Crime,17,Yes
,,18/01/2020 21:47,Bangalore,213,VEHICLE - STOLEN,60,F,Other,Violent Crime,12,Yes
,,19/01/2020 01:23,Delhi,267,FRAUD,30,F,Other,Other Crime,14,No
,,18/01/2020 07:58,Patna,371,VEHICLE - STOLEN,52,F,Knife,Violent Crime,2,Yes
,,18/01/2020 19:33,Ahmedabad,481,COUNTERFEITING,23,F,Knife,Other Crime,10,No
,,18/01/2020 13:59,Thane,532,SHOPLIFTING,47,F,Explosives,Other Crime,9,Yes
,,19/01/2020 04:50,Delhi,342,ROBBERY,36,M,Knife,Violent Crime,2,Yes
,,18/01/2020 18:29,Ludhiana,237,DOMESTIC VIOLENCE,40,M,Knife,Violent Crime,16,Yes
,,18/01/2020 23:45,Jaipur,205,ROBBERY,12,F,Other,Violent Crime,17,Yes
,,18/01/2020 18:00,Ghaziabad,142,SEXUAL ASSAULT,66,F,Other,Violent Crime,15,No
,,18/01/2020 17:06,Chennai,367,BURGLARY,33,F,Other,Other Crime,1,No
,,19/01/2020 03:05,Hyderabad,163,KIDNAPPING,28,M,Other,Other Crime,9,Yes
,,19/01/2020 03:08,Mumbai,342,TRAFFIC VIOLATION,40,F,Knife,Traffic Fatality,19,No
,,19/01/2020 03:35,Lucknow,539,ILLEGAL POSSESSION,45,M,Other,Other Crime,9,Yes
,,19/01/2020 12:57,Kolkata,176,CYBERCRIME,73,F,Blunt Object,Other Crime,16,No
,,19/01/2020 12:57,Hyderabad,566,EXTORTION,29,F,Explosives,Other Crime,15,Yes
,,18/01/2020 20:36,Bangalore,250,FIREARM OFFENSE,33,F,Poison,Fire Accident,3,Yes
,,19/01/2020 12:48,Hyderabad,557,ILLEGAL POSSESSION,16,M,Other,Other Crime,2,No
,,19/01/2020 20:16,Delhi,471,BURGLARY,46,F,Blunt Object,Other Crime,5,Yes
,,19/01/2020 05:59,Jaipur,232,IDENTITY THEFT,14,F,Other,Violent Crime,9,Yes
,,19/01/2020 08:30,Mumbai,456,ILLEGAL POSSESSION,76,F,Firearm,Other Crime,8,No
,,19/01/2020 23:38,Kalyan,467,BURGLARY,61,M,Explosives,Other Crime,14,No
,,19/01/2020 20:58,Jaipur,598,SEXUAL ASSAULT,45,M,Poison,Violent Crime,4,No
,,19/01/2020 05:19,Jaipur,368,FRAUD,13,F,Poison,Other Crime,18,Yes
,,19/01/2020 18:52,Delhi,523,BURGLARY,53,F,Knife,Other Crime,7,Yes
,,19/01/2020 22:02,Surat,319,ROBBERY,17,M,Other,Violent Crime,6,No
,,20/01/2020 00:09,Delhi,300,PUBLIC INTOXICATION,18,F,Other,Other Crime,10,Yes
,,19/01/2020 22:48,Delhi,298,BURGLARY,18,F,Other,Other Crime,4,No
,,20/01/2020 01:19,Meerut,217,DRUG OFFENSE,79,F,Firearm,Other Crime,10,Yes
,,20/01/2020 05:16,Mumbai,357,VANDALISM,28,M,Blunt Object,Other Crime,8,No
,,19/01/2020 14:43,Delhi,196,FIREARM OFFENSE,79,F,Other,Fire Accident,1,No
,,20/01/2020 09:01,Jaipur,588,SEXUAL ASSAULT,78,F,Other,Violent Crime,19,Yes
,,20/01/2020 01:54,Nagpur,502,VEHICLE - STOLEN,22,F,Blunt Object,Violent Crime,12,No
,,20/01/2020 08:35,Hyderabad,242,ILLEGAL POSSESSION,31,F,Other,Other Crime,6,Yes
,,19/01/2020 20:08,Rajkot,556,SEXUAL ASSAULT,54,M,Other,Violent Crime,6,No
,,19/01/2020 19:39,Surat,567,KIDNAPPING,35,F,Other,Other Crime,4,Yes
,,20/01/2020 00:49,Chennai,571,VEHICLE - STOLEN,64,F,Other,Violent Crime,16,Yes
,,20/01/2020 00:04,Pune,253,COUNTERFEITING,30,F,Explosives,Other Crime,15,Yes
,,19/01/2020 20:37,Delhi,117,SEXUAL ASSAULT,69,M,Other,Violent Crime,13,No
,,19/01/2020 23:36,Delhi,118,IDENTITY THEFT,42,F,Poison,Violent Crime,16,No
,,19/01/2020 21:05,Bhopal,551,FIREARM OFFENSE,68,M,Firearm,Fire Accident,11,Yes
,,20/01/2020 13:06,Kolkata,388,ROBBERY,55,F,Other,Violent Crime,3,Yes
,,19/01/2020 21:25,Mumbai,192,CYBERCRIME,70,F,Knife,Other Crime,13,Yes
,,20/01/2020 16:26,Hyderabad,292,CYBERCRIME,68,F,Poison,Other Crime,14,Yes
,,20/01/2020 04:20,Jaipur,569,BURGLARY,56,F,Blunt Object,Other Crime,7,No
,,20/01/2020 03:37,Pune,421,VANDALISM,62,M,Knife,Other Crime,18,Yes
,,20/01/2020 16:14,Mumbai,283,ARSON,62,M,Poison,Fire Accident,6,Yes
,,20/01/2020 23:26,Pune,398,CYBERCRIME,44,F,Poison,Other Crime,19,No
,,21/01/2020 00:18,Surat,284,COUNTERFEITING,58,M,Blunt Object,Other Crime,7,Yes
,,20/01/2020 17:47,Kolkata,281,FRAUD,27,M,Blunt Object,Other Crime,19,No
,,20/01/2020 06:14,Kolkata,561,SHOPLIFTING,73,F,Blunt Object,Other Crime,18,No
,,20/01/2020 22:13,Visakhapatnam,441,COUNTERFEITING,54,M,Blunt Object,Other Crime,5,Yes
,,21/01/2020 02:28,Pune,161,DOMESTIC VIOLENCE,59,F,Explosives,Violent Crime,17,Yes
,,20/01/2020 10:01,Delhi,154,FRAUD,27,F,Other,Other Crime,10,Yes
,,21/01/2020 04:32,Indore,518,ARSON,53,F,Other,Fire Accident,1,Yes
,,20/01/2020 16:12,Chennai,208,FRAUD,39,M,Knife,Other Crime,13,Yes
,,20/01/2020 17:58,Delhi,354,DRUG OFFENSE,67,F,Blunt Object,Other Crime,12,Yes
,,21/01/2020 01:02,Patna,471,ARSON,74,F,Knife,Fire Accident,1,Yes
,,21/01/2020 08:13,Ghaziabad,576,TRAFFIC VIOLATION,72,F,Other,Traffic Fatality,15,No
,,21/01/2020 12:35,Pune,462,COUNTERFEITING,58,M,Other,Other Crime,16,No
,,21/01/2020 12:36,Kanpur,594,ILLEGAL POSSESSION,76,F,Firearm,Other Crime,14,No
,,21/01/2020 12:11,Ludhiana,182,PUBLIC INTOXICATION,43,F,Knife,Other Crime,17,Yes
,,21/01/2020 14:29,Nagpur,426,COUNTERFEITING,45,M,Blunt Object,Other Crime,6,Yes
,,20/01/2020 21:56,Agra,570,FIREARM OFFENSE,28,F,Blunt Object,Fire Accident,10,No
,,21/01/2020 08:58,Delhi,412,SEXUAL ASSAULT,67,F,Explosives,Violent Crime,4,No
,,21/01/2020 13:05,Hyderabad,201,ROBBERY,47,M,Other,Violent Crime,9,Yes
,,21/01/2020 15:05,Mumbai,571,BURGLARY,77,F,Firearm,Other Crime,6,No
,,21/01/2020 01:20,Meerut,398,SHOPLIFTING,57,M,Other,Other Crime,17,Yes
,,21/01/2020 09:13,Kolkata,471,BURGLARY,54,F,Other,Other Crime,17,No
,,21/01/2020 21:30,Bangalore,552,SEXUAL ASSAULT,39,F,Other,Violent Crime,9,Yes
,,21/01/2020 08:40,Ahmedabad,115,HOMICIDE,12,M,Poison,Other Crime,7,Yes
,,21/01/2020 11:42,Hyderabad,296,VEHICLE - STOLEN,24,F,Explosives,Violent Crime,11,No
,,21/01/2020 12:24,Surat,423,FRAUD,17,M,Knife,Other Crime,9,No
,,22/01/2020 00:18,Hyderabad,189,TRAFFIC VIOLATION,11,F,Other,Traffic Fatality,10,No
,,21/01/2020 08:40,Ghaziabad,380,BURGLARY,15,M,Other,Other Crime,17,Yes
,,21/01/2020 17:49,Delhi,167,EXTORTION,48,M,Firearm,Other Crime,3,No
,,22/01/2020 05:39,Chennai,242,CYBERCRIME,32,F,Poison,Other Crime,3,Yes
,,21/01/2020 13:10,Delhi,366,IDENTITY THEFT,65,M,Explosives,Violent Crime,11,No
,,22/01/2020 03:22,Mumbai,305,COUNTERFEITING,21,F,Other,Other Crime,19,No
,,21/01/2020 12:19,Chennai,510,SHOPLIFTING,60,M,Other,Other Crime,3,Yes
,,22/01/2020 02:20,Delhi,528,DRUG OFFENSE,40,F,Blunt Object,Other Crime,9,No
,,21/01/2020 17:40,Ahmedabad,283,VANDALISM,54,F,Other,Other Crime,13,No
,,21/01/2020 15:55,Mumbai,316,VEHICLE - STOLEN,28,F,Firearm,Violent Crime,17,Yes
,,22/01/2020 08:46,Jaipur,288,IDENTITY THEFT,63,F,Firearm,Violent Crime,19,Yes
,,21/01/2020 16:28,Ludhiana,515,FIREARM OFFENSE,21,M,Explosives,Fire Accident,12,No
,,22/01/2020 10:45,Kolkata,529,VEHICLE - STOLEN,75,M,Firearm,Violent Crime,6,Yes
,,21/01/2020 23:09,Mumbai,444,BURGLARY,16,F,Poison,Other Crime,7,No
,,21/01/2020 21:14,Bangalore,401,BURGLARY,31,F,Explosives,Other Crime,3,Yes
,,21/01/2020 21:10,Chennai,580,ARSON,67,F,Knife,Fire Accident,3,Yes
,,22/01/2020 08:30,Mumbai,408,SHOPLIFTING,18,M,Other,Other Crime,19,Yes
,,22/01/2020 00:42,Bangalore,485,IDENTITY THEFT,59,F,Blunt Object,Violent Crime,4,No
,,22/01/2020 20:41,Bangalore,541,ASSAULT,41,F,Blunt Object,Violent Crime,1,No
,,22/01/2020 07:27,Pune,522,SHOPLIFTING,70,F,Blunt Object,Other Crime,19,Yes
,,22/01/2020 00:46,Nagpur,334,CYBERCRIME,62,F,Other,Other Crime,6,No
,,22/01/2020 23:28,Kolkata,464,HOMICIDE,16,F,Explosives,Other Crime,5,Yes
,,22/01/2020 04:56,Chennai,402,SEXUAL ASSAULT,32,F,Blunt Object,Violent Crime,2,No
,,22/01/2020 06:35,Jaipur,372,COUNTERFEITING,10,F,Poison,Other Crime,19,No
,,22/01/2020 17:15,Delhi,508,ARSON,48,M,Other,Fire Accident,18,No
,,22/01/2020 20:00,Delhi,210,DRUG OFFENSE,58,M,Firearm,Other Crime,4,No
,,22/01/2020 14:42,Meerut,389,KIDNAPPING,26,F,Explosives,Other Crime,19,No
,,22/01/2020 21:05,Meerut,374,PUBLIC INTOXICATION,65,F,Poison,Other Crime,10,Yes
,,23/01/2020 05:41,Jaipur,597,EXTORTION,71,F,Other,Other Crime,11,Yes
,,22/01/2020 22:27,Nashik,510,COUNTERFEITING,62,M,Other,Other Crime,6,Yes
,,23/01/2020 03:59,Jaipur,404,COUNTERFEITING,43,F,Other,Other Crime,3,Yes
,,23/01/2020 03:19,Delhi,454,FRAUD,69,M,Explosives,Other Crime,10,Yes
,,22/01/2020 22:42,Kalyan,360,FIREARM OFFENSE,12,F,Blunt Object,Fire Accident,10,No
,,23/01/2020 03:41,Bangalore,371,HOMICIDE,19,F,Other,Other Crime,4,No
,,22/01/2020 20:42,Delhi,520,FIREARM OFFENSE,26,F,Blunt Object,Fire Accident,1,No
,,22/01/2020 16:04,Chennai,128,SEXUAL ASSAULT,66,F,Blunt Object,Violent Crime,8,No
,,22/01/2020 18:23,Mumbai,259,ROBBERY,73,F,Firearm,Violent Crime,2,Yes
,,22/01/2020 17:48,Meerut,131,ARSON,61,F,Other,Fire Accident,5,No
,,22/01/2020 22:01,Ludhiana,428,COUNTERFEITING,64,M,Firearm,Other Crime,19,Yes
,,23/01/2020 12:14,Delhi,336,VEHICLE - STOLEN,34,F,Other,Violent Crime,2,Yes
,,23/01/2020 00:54,Delhi,369,SHOPLIFTING,47,F,Knife,Other Crime,2,No
,,23/01/2020 08:08,Hyderabad,460,HOMICIDE,11,F,Explosives,Other Crime,12,Yes
,,23/01/2020 14:41,Lucknow,252,VANDALISM,14,F,Blunt Object,Other Crime,1,No
,,23/01/2020 22:38,Vasai,137,COUNTERFEITING,38,F,Poison,Other Crime,9,Yes
,,23/01/2020 15:02,Hyderabad,407,VANDALISM,43,F,Other,Other Crime,7,No
,,23/01/2020 21:54,Bangalore,423,KIDNAPPING,22,F,Poison,Other Crime,5,No
,,23/01/2020 15:30,Ahmedabad,395,FIREARM OFFENSE,13,M,Explosives,Fire Accident,2,Yes
,,23/01/2020 13:37,Visakhapatnam,466,DOMESTIC VIOLENCE,33,M,Other,Violent Crime,4,Yes
,,23/01/2020 20:01,Rajkot,403,HOMICIDE,49,M,Knife,Other Crime,16,Yes
,,23/01/2020 20:11,Delhi,129,COUNTERFEITING,74,M,Other,Other Crime,8,Yes
,,24/01/2020 02:41,Chennai,203,VEHICLE - STOLEN,47,F,Poison,Violent Crime,3,No
,,23/01/2020 11:50,Pune,564,EXTORTION,68,F,Knife,Other Crime,4,Yes
,,23/01/2020 12:43,Kolkata,265,SEXUAL ASSAULT,26,M,Poison,Violent Crime,7,Yes
,,24/01/2020 04:58,Pune,336,IDENTITY THEFT,34,M,Blunt Object,Violent Crime,4,No
,,23/01/2020 22:59,Mumbai,273,ILLEGAL POSSESSION,52,M,Other,Other Crime,3,No
,,24/01/2020 10:41,Patna,311,ARSON,59,F,Other,Fire Accident,14,No
,,23/01/2020 22:23,Mumbai,398,COUNTERFEITING,29,M,Firearm,Other Crime,14,Yes
,,24/01/2020 05:28,Delhi,186,CYBERCRIME,11,M,Blunt Object,Other Crime,5,No
,,24/01/2020 12:14,Ahmedabad,337,KIDNAPPING,78,F,Firearm,Other Crime,17,No
,,24/01/2020 08:10,Jaipur,195,PUBLIC INTOXICATION,24,F,Other,Other Crime,3,Yes
,,24/01/2020 08:17,Ghaziabad,213,VEHICLE - STOLEN,31,F,Firearm,Violent Crime,15,No
,,24/01/2020 03:30,Kolkata,181,BURGLARY,14,F,Other,Other Crime,2,No
,,23/01/2020 21:27,Mumbai,536,ILLEGAL POSSESSION,64,M,Blunt Object,Other Crime,9,Yes
,,23/01/2020 22:12,Chennai,384,ASSAULT,73,F,Knife,Violent Crime,1,No
,,24/01/2020 15:09,Ludhiana,577,ASSAULT,48,M,Poison,Violent Crime,9,No
,,24/01/2020 14:37,Mumbai,418,FIREARM OFFENSE,30,M,Firearm,Fire Accident,13,Yes
,,24/01/2020 20:11,Mumbai,262,ILLEGAL POSSESSION,61,F,Knife,Other Crime,3,No
,,24/01/2020 01:00,Ghaziabad,520,SEXUAL ASSAULT,13,F,Explosives,Violent Crime,9,Yes
,,24/01/2020 16:52,Mumbai,377,ROBBERY,79,F,Knife,Violent Crime,9,Yes
,,24/01/2020 16:03,Pune,351,TRAFFIC VIOLATION,36,M,Knife,Traffic Fatality,18,No
,,24/01/2020 06:09,Ludhiana,367,KIDNAPPING,11,F,Explosives,Other Crime,17,Yes
,,24/01/2020 16:03,Hyderabad,316,KIDNAPPING,37,M,Knife,Other Crime,13,No
,,24/01/2020 20:20,Nagpur,465,TRAFFIC VIOLATION,43,F,Other,Traffic Fatality,2,Yes
,,24/01/2020 15:13,Ludhiana,415,ROBBERY,51,F,Firearm,Violent Crime,5,Yes
,,24/01/2020 16:08,Bangalore,290,ROBBERY,53,F,Knife,Violent Crime,7,No
,,24/01/2020 07:55,Nagpur,585,PUBLIC INTOXICATION,71,F,Other,Other Crime,5,No
,,24/01/2020 17:37,Chennai,212,VANDALISM,75,M,Explosives,Other Crime,17,No
,,25/01/2020 04:27,Kolkata,342,VANDALISM,20,M,Poison,Other Crime,17,No
,,24/01/2020 22:46,Jaipur,293,SHOPLIFTING,61,F,Knife,Other Crime,3,Yes
,,24/01/2020 20:17,Mumbai,341,PUBLIC INTOXICATION,27,M,Knife,Other Crime,10,No
,,25/01/2020 06:07,Pune,458,VANDALISM,63,F,Other,Other Crime,11,No
,,25/01/2020 00:19,Chennai,514,KIDNAPPING,48,M,Other,Other Crime,9,No
,,24/01/2020 16:55,Hyderabad,306,VEHICLE - STOLEN,30,F,Other,Violent Crime,7,No
,,25/01/2020 07:20,Kolkata,176,SEXUAL ASSAULT,73,F,Firearm,Violent Crime,18,Yes
,,25/01/2020 14:23,Mumbai,474,FIREARM OFFENSE,67,F,Other,Fire Accident,13,No
,,25/01/2020 11:38,Indore,461,ASSAULT,10,F,Knife,Violent Crime,17,Yes
,,25/01/2020 14:52,Visakhapatnam,495,CYBERCRIME,21,F,Knife,Other Crime,18,Yes
,,24/01/2020 23:58,Bangalore,264,ARSON,75,F,Other,Fire Accident,4,No
,,25/01/2020 04:57,Vasai,386,VEHICLE - STOLEN,44,F,Explosives,Violent Crime,2,No
,,25/01/2020 14:58,Delhi,280,DRUG OFFENSE,31,F,Other,Other Crime,9,Yes
,,24/01/2020 23:53,Ahmedabad,589,IDENTITY THEFT,13,F,Other,Violent Crime,4,Yes
,,25/01/2020 18:54,Varanasi,522,FIREARM OFFENSE,30,F,Firearm,Fire Accident,18,Yes
,,25/01/2020 11:51,Hyderabad,224,VEHICLE - STOLEN,51,F,Other,Violent Crime,11,No
,,25/01/2020 15:38,Mumbai,333,IDENTITY THEFT,27,F,Firearm,Violent Crime,3,No
,,25/01/2020 23:23,Kanpur,293,ROBBERY,21,F,Other,Violent Crime,2,No
,,25/01/2020 08:53,Ludhiana,154,FIREARM OFFENSE,56,F,Knife,Fire Accident,13,No
,,26/01/2020 00:29,Bangalore,355,PUBLIC INTOXICATION,72,M,Firearm,Other Crime,2,No
,,26/01/2020 04:43,Delhi,196,VANDALISM,69,M,Poison,Other Crime,4,Yes
,,25/01/2020 18:33,Pune,377,EXTORTION,13,M,Other,Other Crime,4,Yes
,,26/01/2020 00:59,Mumbai,342,BURGLARY,22,F,Poison,Other Crime,8,No
,,25/01/2020 16:48,Ludhiana,574,DRUG OFFENSE,25,F,Knife,Other Crime,7,No
,,26/01/2020 02:35,Agra,264,PUBLIC INTOXICATION,40,F,Poison,Other Crime,4,No
,,25/01/2020 20:21,Chennai,253,ARSON,16,F,Firearm,Fire Accident,3,No
,,26/01/2020 04:33,Jaipur,273,BURGLARY,59,M,Other,Other Crime,4,Yes
,,26/01/2020 11:49,Nagpur,299,SHOPLIFTING,65,F,Knife,Other Crime,2,No
,,25/01/2020 21:28,Jaipur,572,KIDNAPPING,53,F,Knife,Other Crime,5,Yes
,,25/01/2020 23:38,Kolkata,320,IDENTITY THEFT,16,M,Blunt Object,Violent Crime,7,Yes
,,26/01/2020 05:35,Bangalore,500,ROBBERY,20,F,Poison,Violent Crime,14,No
,,26/01/2020 14:05,Bangalore,452,CYBERCRIME,65,F,Other,Other Crime,8,No
,,26/01/2020 02:38,Hyderabad,491,VEHICLE - STOLEN,24,M,Blunt Object,Violent Crime,7,No
,,26/01/2020 12:22,Srinagar,515,EXTORTION,55,F,Explosives,Other Crime,11,No
,,26/01/2020 15:56,Bangalore,509,SHOPLIFTING,11,F,Poison,Other Crime,9,Yes
,,26/01/2020 03:36,Pune,202,PUBLIC INTOXICATION,12,F,Explosives,Other Crime,14,Yes
,,26/01/2020 11:18,Chennai,337,TRAFFIC VIOLATION,35,F,Other,Traffic Fatality,16,Yes
,,26/01/2020 19:04,Bangalore,375,DOMESTIC VIOLENCE,70,M,Explosives,Violent Crime,9,Yes
,,26/01/2020 13:14,Mumbai,527,IDENTITY THEFT,55,F,Poison,Violent Crime,17,No
